numero;nom_fichier;chemin_complet;dossier;extension;largeur_px;hauteur_px
1;Animalier-01.jpg;C:\Users\Gallien\Documents\GitHub\instant-gh\assets\photos\Animalier\Animalier-01.jpg;C:\Users\Gallien\Documents\GitHub\instant-gh\assets\photos\Animalier;.jpg;2200;1238
2;Animalier-02.jpg;C:\Users\Gallien\Documents\GitHub\instant-gh\assets\photos\Animalier\Animalier-02.jpg;C:\Users\Gallien\Documents\GitHub\instant-gh\assets\photos\Animalier;.jpg;2200;1238
3;Animalier-03.jpg;C:\Users\Gallien\Documents\GitHub\instant-gh\assets\photos\Animalier\Animalier-03.jpg;C:\Users\Gallien\Documents\GitHub\instant-gh\assets\photos\Animalier;.jpg;2200;1238
4;Animalier-04.jpg;C:\Users\Gallien\Documents\GitHub\instant-gh\assets\photos\Animalier\Animalier-04.jpg;C:\Users\Gallien\Documents\GitHub\instant-gh\assets\photos\Animalier;.jpg;2400;1351
5;Animalier-05.jpg;C:\Users\Gallien\Documents\GitHub\instant-gh\assets\photos\Animalier\Animalier-05.jpg;C:\Users\Gallien\Documents\GitHub\instant-gh\assets\photos\Animalier;.jpg;2400;1351
6;Animalier-06.jpg;C:\Users\Gallien\Documents\GitHub\instant-gh\assets\photos\Animalier\Animalier-06.jpg;C:\Users\Gallien\Documents\GitHub\instant-gh\assets\photos\Animalier;.jpg;2400;1600
7;Animalier-07.jpg;C:\Users\Gallien\Documents\GitHub\instant-gh\assets\photos\Animalier\Animalier-07.jpg;C:\Users\Gallien\Documents\GitHub\instant-gh\assets\photos\Animalier;.jpg;2400;1600
8;Animalier-08.jpg;C:\Users\Gallien\Documents\GitHub\instant-gh\assets\photos\Animalier\Animalier-08.jpg;C:\Users\Gallien\Documents\GitHub\instant-gh\assets\photos\Animalier;.jpg;2200;1238
9;Animalier-09.jpg;C:\Users\Gallien\Documents\GitHub\instant-gh\assets\photos\Animalier\Animalier-09.jpg;C:\Users\Gallien\Documents\GitHub\instant-gh\assets\photos\Animalier;.jpg;2400;1351
10;Animalier-10.jpg;C:\Users\Gallien\Documents\GitHub\instant-gh\assets\photos\Animalier\Animalier-10.jpg;C:\Users\Gallien\Documents\GitHub\instant-gh\assets\photos\Animalier;.jpg;2400;1541
11;Animalier-11.jpg;C:\Users\Gallien\Documents\GitHub\instant-gh\assets\photos\Animalier\Animalier-11.jpg;C:\Users\Gallien\Documents\GitHub\instant-gh\assets\photos\Animalier;.jpg;2400;1351
12;Animalier-12.jpg;C:\Users\Gallien\Documents\GitHub\instant-gh\assets\photos\Animalier\Animalier-12.jpg;C:\Users\Gallien\Documents\GitHub\instant-gh\assets\photos\Animalier;.jpg;2400;1600
13;Animalier-13.jpg;C:\Users\Gallien\Documents\GitHub\instant-gh\assets\photos\Animalier\Animalier-13.jpg;C:\Users\Gallien\Documents\GitHub\instant-gh\assets\photos\Animalier;.jpg;2400;1351
14;Animalier-14.jpg;C:\Users\Gallien\Documents\GitHub\instant-gh\assets\photos\Animalier\Animalier-14.jpg;C:\Users\Gallien\Documents\GitHub\instant-gh\assets\photos\Animalier;.jpg;1237;2200
15;Animalier-15.jpg;C:\Users\Gallien\Documents\GitHub\instant-gh\assets\photos\Animalier\Animalier-15.jpg;C:\Users\Gallien\Documents\GitHub\instant-gh\assets\photos\Animalier;.jpg;1238;2200
16;Animalier-16.jpg;C:\Users\Gallien\Documents\GitHub\instant-gh\assets\photos\Animalier\Animalier-16.jpg;C:\Users\Gallien\Documents\GitHub\instant-gh\assets\photos\Animalier;.jpg;2200;1238
17;Animalier-17.jpg;C:\Users\Gallien\Documents\GitHub\instant-gh\assets\photos\Animalier\Animalier-17.jpg;C:\Users\Gallien\Documents\GitHub\instant-gh\assets\photos\Animalier;.jpg;2200;1238
18;Animalier-18.jpg;C:\Users\Gallien\Documents\GitHub\instant-gh\assets\photos\Animalier\Animalier-18.jpg;C:\Users\Gallien\Documents\GitHub\instant-gh\assets\photos\Animalier;.jpg;2200;1238
19;Animalier-19.jpg;C:\Users\Gallien\Documents\GitHub\instant-gh\assets\photos\Animalier\Animalier-19.jpg;C:\Users\Gallien\Documents\GitHub\instant-gh\assets\photos\Animalier;.jpg;2200;1238
20;Animalier-20.jpg;C:\Users\Gallien\Documents\GitHub\instant-gh\assets\photos\Animalier\Animalier-20.jpg;C:\Users\Gallien\Documents\GitHub\instant-gh\assets\photos\Animalier;.jpg;2400;1600
21;Animalier-21.jpg;C:\Users\Gallien\Documents\GitHub\instant-gh\assets\photos\Animalier\Animalier-21.jpg;C:\Users\Gallien\Documents\GitHub\instant-gh\assets\photos\Animalier;.jpg;2200;1238
22;Animalier-22.jpg;C:\Users\Gallien\Documents\GitHub\instant-gh\assets\photos\Animalier\Animalier-22.jpg;C:\Users\Gallien\Documents\GitHub\instant-gh\assets\photos\Animalier;.jpg;2200;1238
23;Animalier-23.jpg;C:\Users\Gallien\Documents\GitHub\instant-gh\assets\photos\Animalier\Animalier-23.jpg;C:\Users\Gallien\Documents\GitHub\instant-gh\assets\photos\Animalier;.jpg;2400;1600
24;Animalier-24.jpg;C:\Users\Gallien\Documents\GitHub\instant-gh\assets\photos\Animalier\Animalier-24.jpg;C:\Users\Gallien\Documents\GitHub\instant-gh\assets\photos\Animalier;.jpg;1351;2400
25;aviation-01.jpg;C:\Users\Gallien\Documents\GitHub\instant-gh\assets\photos\Aviation\aviation-01.jpg;C:\Users\Gallien\Documents\GitHub\instant-gh\assets\photos\Aviation;.jpg;2400;1600
26;aviation-02.jpg;C:\Users\Gallien\Documents\GitHub\instant-gh\assets\photos\Aviation\aviation-02.jpg;C:\Users\Gallien\Documents\GitHub\instant-gh\assets\photos\Aviation;.jpg;2400;1600
27;aviation-04.jpg;C:\Users\Gallien\Documents\GitHub\instant-gh\assets\photos\Aviation\aviation-04.jpg;C:\Users\Gallien\Documents\GitHub\instant-gh\assets\photos\Aviation;.jpg;2400;1600
28;aviation-05.jpg;C:\Users\Gallien\Documents\GitHub\instant-gh\assets\photos\Aviation\aviation-05.jpg;C:\Users\Gallien\Documents\GitHub\instant-gh\assets\photos\Aviation;.jpg;2400;1600
29;aviation-06.jpg;C:\Users\Gallien\Documents\GitHub\instant-gh\assets\photos\Aviation\aviation-06.jpg;C:\Users\Gallien\Documents\GitHub\instant-gh\assets\photos\Aviation;.jpg;2400;1600
30;aviation-07.jpg;C:\Users\Gallien\Documents\GitHub\instant-gh\assets\photos\Aviation\aviation-07.jpg;C:\Users\Gallien\Documents\GitHub\instant-gh\assets\photos\Aviation;.jpg;2400;1600
31;aviation-08.jpg;C:\Users\Gallien\Documents\GitHub\instant-gh\assets\photos\Aviation\aviation-08.jpg;C:\Users\Gallien\Documents\GitHub\instant-gh\assets\photos\Aviation;.jpg;2400;1600
32;aviation-09.jpg;C:\Users\Gallien\Documents\GitHub\instant-gh\assets\photos\Aviation\aviation-09.jpg;C:\Users\Gallien\Documents\GitHub\instant-gh\assets\photos\Aviation;.jpg;2400;1600
33;aviation-10.jpg;C:\Users\Gallien\Documents\GitHub\instant-gh\assets\photos\Aviation\aviation-10.jpg;C:\Users\Gallien\Documents\GitHub\instant-gh\assets\photos\Aviation;.jpg;2400;1600
34;aviation-3.jpg;C:\Users\Gallien\Documents\GitHub\instant-gh\assets\photos\Aviation\aviation-3.jpg;C:\Users\Gallien\Documents\GitHub\instant-gh\assets\photos\Aviation;.jpg;2400;1600
35;defense-defiles-01.jpg;C:\Users\Gallien\Documents\GitHub\instant-gh\assets\photos\Défense & défilés\defense-defiles-01.jpg;C:\Users\Gallien\Documents\GitHub\instant-gh\assets\photos\Défense & défilés;.jpg;2400;1600
36;defense-defiles-02.jpg;C:\Users\Gallien\Documents\GitHub\instant-gh\assets\photos\Défense & défilés\defense-defiles-02.jpg;C:\Users\Gallien\Documents\GitHub\instant-gh\assets\photos\Défense & défilés;.jpg;2400;1600
37;defense-defiles-03.jpg;C:\Users\Gallien\Documents\GitHub\instant-gh\assets\photos\Défense & défilés\defense-defiles-03.jpg;C:\Users\Gallien\Documents\GitHub\instant-gh\assets\photos\Défense & défilés;.jpg;2400;1600
38;defense-defiles-04.jpg;C:\Users\Gallien\Documents\GitHub\instant-gh\assets\photos\Défense & défilés\defense-defiles-04.jpg;C:\Users\Gallien\Documents\GitHub\instant-gh\assets\photos\Défense & défilés;.jpg;2400;1600
39;defense-defiles-05.jpg;C:\Users\Gallien\Documents\GitHub\instant-gh\assets\photos\Défense & défilés\defense-defiles-05.jpg;C:\Users\Gallien\Documents\GitHub\instant-gh\assets\photos\Défense & défilés;.jpg;2400;1600
40;defense-defiles-06.jpg;C:\Users\Gallien\Documents\GitHub\instant-gh\assets\photos\Défense & défilés\defense-defiles-06.jpg;C:\Users\Gallien\Documents\GitHub\instant-gh\assets\photos\Défense & défilés;.jpg;2400;1600
41;defense-defiles-07.jpg;C:\Users\Gallien\Documents\GitHub\instant-gh\assets\photos\Défense & défilés\defense-defiles-07.jpg;C:\Users\Gallien\Documents\GitHub\instant-gh\assets\photos\Défense & défilés;.jpg;2400;1600
42;defense-defiles-08.jpg;C:\Users\Gallien\Documents\GitHub\instant-gh\assets\photos\Défense & défilés\defense-defiles-08.jpg;C:\Users\Gallien\Documents\GitHub\instant-gh\assets\photos\Défense & défilés;.jpg;2400;1600
43;defense-defiles-09.jpg;C:\Users\Gallien\Documents\GitHub\instant-gh\assets\photos\Défense & défilés\defense-defiles-09.jpg;C:\Users\Gallien\Documents\GitHub\instant-gh\assets\photos\Défense & défilés;.jpg;2400;1600
44;Moto_&_mécanique_01.jpg;C:\Users\Gallien\Documents\GitHub\instant-gh\assets\photos\Moto & mécanique\Moto_&_mécanique_01.jpg;C:\Users\Gallien\Documents\GitHub\instant-gh\assets\photos\Moto & mécanique;.jpg;1351;2400
45;Moto_&_mécanique_02.jpg;C:\Users\Gallien\Documents\GitHub\instant-gh\assets\photos\Moto & mécanique\Moto_&_mécanique_02.jpg;C:\Users\Gallien\Documents\GitHub\instant-gh\assets\photos\Moto & mécanique;.jpg;2793;4966
46;Moto_&_mécanique_03.jpg;C:\Users\Gallien\Documents\GitHub\instant-gh\assets\photos\Moto & mécanique\Moto_&_mécanique_03.jpg;C:\Users\Gallien\Documents\GitHub\instant-gh\assets\photos\Moto & mécanique;.jpg;1600;2400
47;Moto_&_mécanique_04.jpg;C:\Users\Gallien\Documents\GitHub\instant-gh\assets\photos\Moto & mécanique\Moto_&_mécanique_04.jpg;C:\Users\Gallien\Documents\GitHub\instant-gh\assets\photos\Moto & mécanique;.jpg;1350;2400
48;Moto_&_mécanique_05.jpg;C:\Users\Gallien\Documents\GitHub\instant-gh\assets\photos\Moto & mécanique\Moto_&_mécanique_05.jpg;C:\Users\Gallien\Documents\GitHub\instant-gh\assets\photos\Moto & mécanique;.jpg;1351;2400
49;Moto_&_mécanique_06.jpg;C:\Users\Gallien\Documents\GitHub\instant-gh\assets\photos\Moto & mécanique\Moto_&_mécanique_06.jpg;C:\Users\Gallien\Documents\GitHub\instant-gh\assets\photos\Moto & mécanique;.jpg;1237;2200
50;Moto_&_mécanique_07.jpg;C:\Users\Gallien\Documents\GitHub\instant-gh\assets\photos\Moto & mécanique\Moto_&_mécanique_07.jpg;C:\Users\Gallien\Documents\GitHub\instant-gh\assets\photos\Moto & mécanique;.jpg;1351;2400
51;Moto_&_mécanique_08.jpg;C:\Users\Gallien\Documents\GitHub\instant-gh\assets\photos\Moto & mécanique\Moto_&_mécanique_08.jpg;C:\Users\Gallien\Documents\GitHub\instant-gh\assets\photos\Moto & mécanique;.jpg;1351;2400
52;Moto_&_mécanique_09.jpg;C:\Users\Gallien\Documents\GitHub\instant-gh\assets\photos\Moto & mécanique\Moto_&_mécanique_09.jpg;C:\Users\Gallien\Documents\GitHub\instant-gh\assets\photos\Moto & mécanique;.jpg;1350;2400
53;Moto_&_mécanique_10.jpg;C:\Users\Gallien\Documents\GitHub\instant-gh\assets\photos\Moto & mécanique\Moto_&_mécanique_10.jpg;C:\Users\Gallien\Documents\GitHub\instant-gh\assets\photos\Moto & mécanique;.jpg;1351;2400
54;Moto_&_mécanique_11.jpg;C:\Users\Gallien\Documents\GitHub\instant-gh\assets\photos\Moto & mécanique\Moto_&_mécanique_11.jpg;C:\Users\Gallien\Documents\GitHub\instant-gh\assets\photos\Moto & mécanique;.jpg;2200;1238
55;Moto_&_mécanique_12.jpg;C:\Users\Gallien\Documents\GitHub\instant-gh\assets\photos\Moto & mécanique\Moto_&_mécanique_12.jpg;C:\Users\Gallien\Documents\GitHub\instant-gh\assets\photos\Moto & mécanique;.jpg;2200;1238
56;Moto_&_mécanique_13.jpg;C:\Users\Gallien\Documents\GitHub\instant-gh\assets\photos\Moto & mécanique\Moto_&_mécanique_13.jpg;C:\Users\Gallien\Documents\GitHub\instant-gh\assets\photos\Moto & mécanique;.jpg;2200;1238
57;Moto_&_mécanique_14.jpg;C:\Users\Gallien\Documents\GitHub\instant-gh\assets\photos\Moto & mécanique\Moto_&_mécanique_14.jpg;C:\Users\Gallien\Documents\GitHub\instant-gh\assets\photos\Moto & mécanique;.jpg;2200;1238
58;Moto_&_mécanique_15.jpg;C:\Users\Gallien\Documents\GitHub\instant-gh\assets\photos\Moto & mécanique\Moto_&_mécanique_15.jpg;C:\Users\Gallien\Documents\GitHub\instant-gh\assets\photos\Moto & mécanique;.jpg;2200;1238
59;Moto_&_mécanique_16.jpg;C:\Users\Gallien\Documents\GitHub\instant-gh\assets\photos\Moto & mécanique\Moto_&_mécanique_16.jpg;C:\Users\Gallien\Documents\GitHub\instant-gh\assets\photos\Moto & mécanique;.jpg;2400;1350
60;Moto_&_mécanique_17.jpg;C:\Users\Gallien\Documents\GitHub\instant-gh\assets\photos\Moto & mécanique\Moto_&_mécanique_17.jpg;C:\Users\Gallien\Documents\GitHub\instant-gh\assets\photos\Moto & mécanique;.jpg;2400;1351
61;Moto_&_mécanique_18.jpg;C:\Users\Gallien\Documents\GitHub\instant-gh\assets\photos\Moto & mécanique\Moto_&_mécanique_18.jpg;C:\Users\Gallien\Documents\GitHub\instant-gh\assets\photos\Moto & mécanique;.jpg;2400;1350
62;Moto_&_mécanique_19.jpg;C:\Users\Gallien\Documents\GitHub\instant-gh\assets\photos\Moto & mécanique\Moto_&_mécanique_19.jpg;C:\Users\Gallien\Documents\GitHub\instant-gh\assets\photos\Moto & mécanique;.jpg;2400;1351
63;Moto_&_mécanique_20.jpg;C:\Users\Gallien\Documents\GitHub\instant-gh\assets\photos\Moto & mécanique\Moto_&_mécanique_20.jpg;C:\Users\Gallien\Documents\GitHub\instant-gh\assets\photos\Moto & mécanique;.jpg;2400;1351
64;Moto_&_mécanique_21.jpg;C:\Users\Gallien\Documents\GitHub\instant-gh\assets\photos\Moto & mécanique\Moto_&_mécanique_21.jpg;C:\Users\Gallien\Documents\GitHub\instant-gh\assets\photos\Moto & mécanique;.jpg;2400;1351
65;Moto_&_mécanique_22.jpg;C:\Users\Gallien\Documents\GitHub\instant-gh\assets\photos\Moto & mécanique\Moto_&_mécanique_22.jpg;C:\Users\Gallien\Documents\GitHub\instant-gh\assets\photos\Moto & mécanique;.jpg;2200;1238
66;Moto_&_mécanique_23.jpg;C:\Users\Gallien\Documents\GitHub\instant-gh\assets\photos\Moto & mécanique\Moto_&_mécanique_23.jpg;C:\Users\Gallien\Documents\GitHub\instant-gh\assets\photos\Moto & mécanique;.jpg;2200;1238
67;Moto_&_mécanique_24.jpg;C:\Users\Gallien\Documents\GitHub\instant-gh\assets\photos\Moto & mécanique\Moto_&_mécanique_24.jpg;C:\Users\Gallien\Documents\GitHub\instant-gh\assets\photos\Moto & mécanique;.jpg;2200;1238
68;Moto_&_mécanique_25.jpg;C:\Users\Gallien\Documents\GitHub\instant-gh\assets\photos\Moto & mécanique\Moto_&_mécanique_25.jpg;C:\Users\Gallien\Documents\GitHub\instant-gh\assets\photos\Moto & mécanique;.jpg;2200;1238
69;Moto_&_mécanique_26.jpg;C:\Users\Gallien\Documents\GitHub\instant-gh\assets\photos\Moto & mécanique\Moto_&_mécanique_26.jpg;C:\Users\Gallien\Documents\GitHub\instant-gh\assets\photos\Moto & mécanique;.jpg;2200;1238
70;Moto_&_mécanique_27.jpg;C:\Users\Gallien\Documents\GitHub\instant-gh\assets\photos\Moto & mécanique\Moto_&_mécanique_27.jpg;C:\Users\Gallien\Documents\GitHub\instant-gh\assets\photos\Moto & mécanique;.jpg;2400;1350
71;Moto_&_mécanique_28.jpg;C:\Users\Gallien\Documents\GitHub\instant-gh\assets\photos\Moto & mécanique\Moto_&_mécanique_28.jpg;C:\Users\Gallien\Documents\GitHub\instant-gh\assets\photos\Moto & mécanique;.jpg;2400;1350
72;Moto_&_mécanique_29.jpg;C:\Users\Gallien\Documents\GitHub\instant-gh\assets\photos\Moto & mécanique\Moto_&_mécanique_29.jpg;C:\Users\Gallien\Documents\GitHub\instant-gh\assets\photos\Moto & mécanique;.jpg;2400;1350
73;Moto_&_mécanique_30.jpg;C:\Users\Gallien\Documents\GitHub\instant-gh\assets\photos\Moto & mécanique\Moto_&_mécanique_30.jpg;C:\Users\Gallien\Documents\GitHub\instant-gh\assets\photos\Moto & mécanique;.jpg;2400;1351
74;Moto_&_mécanique_31.jpg;C:\Users\Gallien\Documents\GitHub\instant-gh\assets\photos\Moto & mécanique\Moto_&_mécanique_31.jpg;C:\Users\Gallien\Documents\GitHub\instant-gh\assets\photos\Moto & mécanique;.jpg;2400;1350
75;Moto_&_mécanique_32.jpg;C:\Users\Gallien\Documents\GitHub\instant-gh\assets\photos\Moto & mécanique\Moto_&_mécanique_32.jpg;C:\Users\Gallien\Documents\GitHub\instant-gh\assets\photos\Moto & mécanique;.jpg;2400;1350
76;Moto_&_mécanique_33.jpg;C:\Users\Gallien\Documents\GitHub\instant-gh\assets\photos\Moto & mécanique\Moto_&_mécanique_33.jpg;C:\Users\Gallien\Documents\GitHub\instant-gh\assets\photos\Moto & mécanique;.jpg;2400;1350
77;Moto_&_mécanique_34.jpg;C:\Users\Gallien\Documents\GitHub\instant-gh\assets\photos\Moto & mécanique\Moto_&_mécanique_34.jpg;C:\Users\Gallien\Documents\GitHub\instant-gh\assets\photos\Moto & mécanique;.jpg;1350;2400
78;Moto_&_mécanique_35.jpg;C:\Users\Gallien\Documents\GitHub\instant-gh\assets\photos\Moto & mécanique\Moto_&_mécanique_35.jpg;C:\Users\Gallien\Documents\GitHub\instant-gh\assets\photos\Moto & mécanique;.jpg;2400;1350
79;Moto_&_mécanique_36.jpg;C:\Users\Gallien\Documents\GitHub\instant-gh\assets\photos\Moto & mécanique\Moto_&_mécanique_36.jpg;C:\Users\Gallien\Documents\GitHub\instant-gh\assets\photos\Moto & mécanique;.jpg;1350;2400
80;Moto_&_mécanique_37.jpg;C:\Users\Gallien\Documents\GitHub\instant-gh\assets\photos\Moto & mécanique\Moto_&_mécanique_37.jpg;C:\Users\Gallien\Documents\GitHub\instant-gh\assets\photos\Moto & mécanique;.jpg;1351;2400
81;Moto_&_mécanique_38.jpg;C:\Users\Gallien\Documents\GitHub\instant-gh\assets\photos\Moto & mécanique\Moto_&_mécanique_38.jpg;C:\Users\Gallien\Documents\GitHub\instant-gh\assets\photos\Moto & mécanique;.jpg;2400;1351
82;Moto_&_mécanique_40.jpg;C:\Users\Gallien\Documents\GitHub\instant-gh\assets\photos\Moto & mécanique\Moto_&_mécanique_40.jpg;C:\Users\Gallien\Documents\GitHub\instant-gh\assets\photos\Moto & mécanique;.jpg;1351;2400
83;Portrait_01.jpg;C:\Users\Gallien\Documents\GitHub\instant-gh\assets\photos\Portrait\Portrait_01.jpg;C:\Users\Gallien\Documents\GitHub\instant-gh\assets\photos\Portrait;.jpg;2400;1351
84;Portrait_02.jpg;C:\Users\Gallien\Documents\GitHub\instant-gh\assets\photos\Portrait\Portrait_02.jpg;C:\Users\Gallien\Documents\GitHub\instant-gh\assets\photos\Portrait;.jpg;2200;1238
85;Portrait_03.jpg;C:\Users\Gallien\Documents\GitHub\instant-gh\assets\photos\Portrait\Portrait_03.jpg;C:\Users\Gallien\Documents\GitHub\instant-gh\assets\photos\Portrait;.jpg;1600;2400
86;Portrait_04.jpg;C:\Users\Gallien\Documents\GitHub\instant-gh\assets\photos\Portrait\Portrait_04.jpg;C:\Users\Gallien\Documents\GitHub\instant-gh\assets\photos\Portrait;.jpg;1600;2400
87;Portrait_05.jpg;C:\Users\Gallien\Documents\GitHub\instant-gh\assets\photos\Portrait\Portrait_05.jpg;C:\Users\Gallien\Documents\GitHub\instant-gh\assets\photos\Portrait;.jpg;2200;1238
88;Portrait_06.jpg;C:\Users\Gallien\Documents\GitHub\instant-gh\assets\photos\Portrait\Portrait_06.jpg;C:\Users\Gallien\Documents\GitHub\instant-gh\assets\photos\Portrait;.jpg;2200;1238
89;Portrait_07.jpg;C:\Users\Gallien\Documents\GitHub\instant-gh\assets\photos\Portrait\Portrait_07.jpg;C:\Users\Gallien\Documents\GitHub\instant-gh\assets\photos\Portrait;.jpg;2200;1238
90;Portrait_08.jpg;C:\Users\Gallien\Documents\GitHub\instant-gh\assets\photos\Portrait\Portrait_08.jpg;C:\Users\Gallien\Documents\GitHub\instant-gh\assets\photos\Portrait;.jpg;2200;1238
91;Portrait_09.jpg;C:\Users\Gallien\Documents\GitHub\instant-gh\assets\photos\Portrait\Portrait_09.jpg;C:\Users\Gallien\Documents\GitHub\instant-gh\assets\photos\Portrait;.jpg;2400;1350
92;Portrait_10.jpg;C:\Users\Gallien\Documents\GitHub\instant-gh\assets\photos\Portrait\Portrait_10.jpg;C:\Users\Gallien\Documents\GitHub\instant-gh\assets\photos\Portrait;.jpg;2400;1350
93;Portrait_11.jpg;C:\Users\Gallien\Documents\GitHub\instant-gh\assets\photos\Portrait\Portrait_11.jpg;C:\Users\Gallien\Documents\GitHub\instant-gh\assets\photos\Portrait;.jpg;2400;1351
94;Portrait_12.jpg;C:\Users\Gallien\Documents\GitHub\instant-gh\assets\photos\Portrait\Portrait_12.jpg;C:\Users\Gallien\Documents\GitHub\instant-gh\assets\photos\Portrait;.jpg;2400;1351
95;Portrait_13.jpg;C:\Users\Gallien\Documents\GitHub\instant-gh\assets\photos\Portrait\Portrait_13.jpg;C:\Users\Gallien\Documents\GitHub\instant-gh\assets\photos\Portrait;.jpg;1351;2400
96;Portrait_14.jpg;C:\Users\Gallien\Documents\GitHub\instant-gh\assets\photos\Portrait\Portrait_14.jpg;C:\Users\Gallien\Documents\GitHub\instant-gh\assets\photos\Portrait;.jpg;1350;2400
97;Portrait_15.jpg;C:\Users\Gallien\Documents\GitHub\instant-gh\assets\photos\Portrait\Portrait_15.jpg;C:\Users\Gallien\Documents\GitHub\instant-gh\assets\photos\Portrait;.jpg;1351;2400
98;Portrait_16.jpg;C:\Users\Gallien\Documents\GitHub\instant-gh\assets\photos\Portrait\Portrait_16.jpg;C:\Users\Gallien\Documents\GitHub\instant-gh\assets\photos\Portrait;.jpg;1350;2400
99;Sport_&_collectifs_01.jpg;C:\Users\Gallien\Documents\GitHub\instant-gh\assets\photos\Sport & collectifs\Sport_&_collectifs_01.jpg;C:\Users\Gallien\Documents\GitHub\instant-gh\assets\photos\Sport & collectifs;.jpg;1238;2200
100;Sport_&_collectifs_02.jpg;C:\Users\Gallien\Documents\GitHub\instant-gh\assets\photos\Sport & collectifs\Sport_&_collectifs_02.jpg;C:\Users\Gallien\Documents\GitHub\instant-gh\assets\photos\Sport & collectifs;.jpg;1350;2400
101;Sport_&_collectifs_03.jpg;C:\Users\Gallien\Documents\GitHub\instant-gh\assets\photos\Sport & collectifs\Sport_&_collectifs_03.jpg;C:\Users\Gallien\Documents\GitHub\instant-gh\assets\photos\Sport & collectifs;.jpg;1351;2400
102;Sport_&_collectifs_04.jpg;C:\Users\Gallien\Documents\GitHub\instant-gh\assets\photos\Sport & collectifs\Sport_&_collectifs_04.jpg;C:\Users\Gallien\Documents\GitHub\instant-gh\assets\photos\Sport & collectifs;.jpg;1351;2400
103;Sport_&_collectifs_05.jpg;C:\Users\Gallien\Documents\GitHub\instant-gh\assets\photos\Sport & collectifs\Sport_&_collectifs_05.jpg;C:\Users\Gallien\Documents\GitHub\instant-gh\assets\photos\Sport & collectifs;.jpg;1237;2200
104;Sport_&_collectifs_06.jpg;C:\Users\Gallien\Documents\GitHub\instant-gh\assets\photos\Sport & collectifs\Sport_&_collectifs_06.jpg;C:\Users\Gallien\Documents\GitHub\instant-gh\assets\photos\Sport & collectifs;.jpg;1350;2400
105;Sport_&_collectifs_07.jpg;C:\Users\Gallien\Documents\GitHub\instant-gh\assets\photos\Sport & collectifs\Sport_&_collectifs_07.jpg;C:\Users\Gallien\Documents\GitHub\instant-gh\assets\photos\Sport & collectifs;.jpg;1350;2400
106;Sport_&_collectifs_08.jpg;C:\Users\Gallien\Documents\GitHub\instant-gh\assets\photos\Sport & collectifs\Sport_&_collectifs_08.jpg;C:\Users\Gallien\Documents\GitHub\instant-gh\assets\photos\Sport & collectifs;.jpg;1351;2400
107;Sport_&_collectifs_09.jpg;C:\Users\Gallien\Documents\GitHub\instant-gh\assets\photos\Sport & collectifs\Sport_&_collectifs_09.jpg;C:\Users\Gallien\Documents\GitHub\instant-gh\assets\photos\Sport & collectifs;.jpg;2400;1350
108;Sport_&_collectifs_10.jpg;C:\Users\Gallien\Documents\GitHub\instant-gh\assets\photos\Sport & collectifs\Sport_&_collectifs_10.jpg;C:\Users\Gallien\Documents\GitHub\instant-gh\assets\photos\Sport & collectifs;.jpg;2200;1238
109;Sport_&_collectifs_11.jpg;C:\Users\Gallien\Documents\GitHub\instant-gh\assets\photos\Sport & collectifs\Sport_&_collectifs_11.jpg;C:\Users\Gallien\Documents\GitHub\instant-gh\assets\photos\Sport & collectifs;.jpg;2200;1238
110;Sport_&_collectifs_12.jpg;C:\Users\Gallien\Documents\GitHub\instant-gh\assets\photos\Sport & collectifs\Sport_&_collectifs_12.jpg;C:\Users\Gallien\Documents\GitHub\instant-gh\assets\photos\Sport & collectifs;.jpg;2400;1351
111;Sport_&_collectifs_13.jpg;C:\Users\Gallien\Documents\GitHub\instant-gh\assets\photos\Sport & collectifs\Sport_&_collectifs_13.jpg;C:\Users\Gallien\Documents\GitHub\instant-gh\assets\photos\Sport & collectifs;.jpg;2400;1351
112;Sport_&_collectifs_14.jpg;C:\Users\Gallien\Documents\GitHub\instant-gh\assets\photos\Sport & collectifs\Sport_&_collectifs_14.jpg;C:\Users\Gallien\Documents\GitHub\instant-gh\assets\photos\Sport & collectifs;.jpg;2400;1351
113;evenementiel-01.jpg;C:\Users\Gallien\Documents\GitHub\instant-gh\assets\photos\Événementiel\evenementiel-01.jpg;C:\Users\Gallien\Documents\GitHub\instant-gh\assets\photos\Événementiel;.jpg;2400;1351
114;evenementiel-02.jpg;C:\Users\Gallien\Documents\GitHub\instant-gh\assets\photos\Événementiel\evenementiel-02.jpg;C:\Users\Gallien\Documents\GitHub\instant-gh\assets\photos\Événementiel;.jpg;2400;1351
115;evenementiel-03.jpg;C:\Users\Gallien\Documents\GitHub\instant-gh\assets\photos\Événementiel\evenementiel-03.jpg;C:\Users\Gallien\Documents\GitHub\instant-gh\assets\photos\Événementiel;.jpg;2400;1351
116;evenementiel-04.jpg;C:\Users\Gallien\Documents\GitHub\instant-gh\assets\photos\Événementiel\evenementiel-04.jpg;C:\Users\Gallien\Documents\GitHub\instant-gh\assets\photos\Événementiel;.jpg;2400;1600
117;evenementiel-05.jpg;C:\Users\Gallien\Documents\GitHub\instant-gh\assets\photos\Événementiel\evenementiel-05.jpg;C:\Users\Gallien\Documents\GitHub\instant-gh\assets\photos\Événementiel;.jpg;1350;2400
118;evenementiel-06.jpg;C:\Users\Gallien\Documents\GitHub\instant-gh\assets\photos\Événementiel\evenementiel-06.jpg;C:\Users\Gallien\Documents\GitHub\instant-gh\assets\photos\Événementiel;.jpg;2400;1351
119;evenementiel-07.jpg;C:\Users\Gallien\Documents\GitHub\instant-gh\assets\photos\Événementiel\evenementiel-07.jpg;C:\Users\Gallien\Documents\GitHub\instant-gh\assets\photos\Événementiel;.jpg;1351;2400
120;evenementiel-08.jpg;C:\Users\Gallien\Documents\GitHub\instant-gh\assets\photos\Événementiel\evenementiel-08.jpg;C:\Users\Gallien\Documents\GitHub\instant-gh\assets\photos\Événementiel;.jpg;2400;1351
121;evenementiel-09.jpg;C:\Users\Gallien\Documents\GitHub\instant-gh\assets\photos\Événementiel\evenementiel-09.jpg;C:\Users\Gallien\Documents\GitHub\instant-gh\assets\photos\Événementiel;.jpg;1351;2400
122;evenementiel-10.jpg;C:\Users\Gallien\Documents\GitHub\instant-gh\assets\photos\Événementiel\evenementiel-10.jpg;C:\Users\Gallien\Documents\GitHub\instant-gh\assets\photos\Événementiel;.jpg;2400;1350
123;evenementiel-11.jpg;C:\Users\Gallien\Documents\GitHub\instant-gh\assets\photos\Événementiel\evenementiel-11.jpg;C:\Users\Gallien\Documents\GitHub\instant-gh\assets\photos\Événementiel;.jpg;1600;2400
124;evenementiel-12.jpg;C:\Users\Gallien\Documents\GitHub\instant-gh\assets\photos\Événementiel\evenementiel-12.jpg;C:\Users\Gallien\Documents\GitHub\instant-gh\assets\photos\Événementiel;.jpg;2400;1350
125;evenementiel-13.jpg;C:\Users\Gallien\Documents\GitHub\instant-gh\assets\photos\Événementiel\evenementiel-13.jpg;C:\Users\Gallien\Documents\GitHub\instant-gh\assets\photos\Événementiel;.jpg;2400;1350
126;evenementiel-14.jpg;C:\Users\Gallien\Documents\GitHub\instant-gh\assets\photos\Événementiel\evenementiel-14.jpg;C:\Users\Gallien\Documents\GitHub\instant-gh\assets\photos\Événementiel;.jpg;2400;1350
127;evenementiel-15.jpg;C:\Users\Gallien\Documents\GitHub\instant-gh\assets\photos\Événementiel\evenementiel-15.jpg;C:\Users\Gallien\Documents\GitHub\instant-gh\assets\photos\Événementiel;.jpg;1351;2400
128;evenementiel-16.jpg;C:\Users\Gallien\Documents\GitHub\instant-gh\assets\photos\Événementiel\evenementiel-16.jpg;C:\Users\Gallien\Documents\GitHub\instant-gh\assets\photos\Événementiel;.jpg;1351;2400
129;evenementiel-17.jpg;C:\Users\Gallien\Documents\GitHub\instant-gh\assets\photos\Événementiel\evenementiel-17.jpg;C:\Users\Gallien\Documents\GitHub\instant-gh\assets\photos\Événementiel;.jpg;2400;1600
130;evenementiel-18.jpg;C:\Users\Gallien\Documents\GitHub\instant-gh\assets\photos\Événementiel\evenementiel-18.jpg;C:\Users\Gallien\Documents\GitHub\instant-gh\assets\photos\Événementiel;.jpg;2400;1600
131;evenementiel-19.jpg;C:\Users\Gallien\Documents\GitHub\instant-gh\assets\photos\Événementiel\evenementiel-19.jpg;C:\Users\Gallien\Documents\GitHub\instant-gh\assets\photos\Événementiel;.jpg;1600;2400
132;evenementiel-20.jpg;C:\Users\Gallien\Documents\GitHub\instant-gh\assets\photos\Événementiel\evenementiel-20.jpg;C:\Users\Gallien\Documents\GitHub\instant-gh\assets\photos\Événementiel;.jpg;1600;2400
133;evenementiel-21.jpg;C:\Users\Gallien\Documents\GitHub\instant-gh\assets\photos\Événementiel\evenementiel-21.jpg;C:\Users\Gallien\Documents\GitHub\instant-gh\assets\photos\Événementiel;.jpg;2400;1600
134;evenementiel-22.jpg;C:\Users\Gallien\Documents\GitHub\instant-gh\assets\photos\Événementiel\evenementiel-22.jpg;C:\Users\Gallien\Documents\GitHub\instant-gh\assets\photos\Événementiel;.jpg;2400;1600
135;evenementiel-23.jpg;C:\Users\Gallien\Documents\GitHub\instant-gh\assets\photos\Événementiel\evenementiel-23.jpg;C:\Users\Gallien\Documents\GitHub\instant-gh\assets\photos\Événementiel;.jpg;2400;1600
136;evenementiel-24.jpg;C:\Users\Gallien\Documents\GitHub\instant-gh\assets\photos\Événementiel\evenementiel-24.jpg;C:\Users\Gallien\Documents\GitHub\instant-gh\assets\photos\Événementiel;.jpg;2400;1351
137;evenementiel-25.jpg;C:\Users\Gallien\Documents\GitHub\instant-gh\assets\photos\Événementiel\evenementiel-25.jpg;C:\Users\Gallien\Documents\GitHub\instant-gh\assets\photos\Événementiel;.jpg;2400;1350
138;evenementiel-26.jpg;C:\Users\Gallien\Documents\GitHub\instant-gh\assets\photos\Événementiel\evenementiel-26.jpg;C:\Users\Gallien\Documents\GitHub\instant-gh\assets\photos\Événementiel;.jpg;2400;1351
139;evenementiel-27.jpg;C:\Users\Gallien\Documents\GitHub\instant-gh\assets\photos\Événementiel\evenementiel-27.jpg;C:\Users\Gallien\Documents\GitHub\instant-gh\assets\photos\Événementiel;.jpg;2400;1351
